{
  "type": "farmersdelight:cutting",
  "ingredients": [
    {
      "item": "biomesoplenty:pine_wood"
    }
  ],
  "result": [
    {
      "item": {
        "count": 1,
        "id": "biomesoplenty:stripped_pine_wood"
      }
    },
    {
      "item": {
        "count": 1,
        "id": "farmersdelight:tree_bark"
      }
    }
  ],
  "sound": {
    "sound_id": "minecraft:item.axe.strip"
  },
  "tool": {
    "fabric:type": "farmersdelight:item_ability",
    "action": "axe_strip"
  }
}